{
	"corona_jet": {
		"plugin": "com.fs.starfarer.api.impl.campaign.terrain.StarCoronaTerrainPlugin",
		"musicSuppression": 1,
		"loopOne": "terrain_corona_am",
		"loopTwo": "terrain_corona_am_flare"
	},
	"wh_void_star_terrain": {
		"plugin": "data.campaign.terrain.WHVoidStarTerrainPlugin"
	},
	"wh_pulse_star_terrain": {
		"plugin": "data.campaign.terrain.WHPulseStarTerrainPlugin"
	},
	"wh_pulse_star_hyperspace": {
		"plugin": "data.campaign.terrain.WHPulseStarHyperspaceTerrainPlugin",
		"type": "hyperspace",
		"musicSuppression": 1
	},
	"wh_void_star_hyperspace": {
		"plugin": "data.campaign.terrain.WHVoidStarHyperspaceTerrainPlugin",
		"type": "hyperspace",
		"musicSuppression": 1
	},
	"hyperspace": {
		"plugin": "data.campaign.terrain.WideHyperspaceTerrainPlugin",
		"type": "hyperspace",
		"musicSuppression": 1
	}
}