{
	"wh_dark_station": {
	  "defaultName": "Ancient Construction Dock",
	  "defaultRadius": 128,
	  "customDescriptionId": "wh_dark_station",
	  "interactionImage": "graphics/illustrations/abandoned_dark_station.jpg",
	  "icon": "graphics/icons/wh_dark_station_icon.png",
	  "iconWidth": 24,
	  "iconHeight": 24,
	  "sprite": "graphics/stations/wh_dark_station.png",
	  "spriteWidth": 180,
	  "spriteHeight": 180,
	  "renderShadow": true,
	  "useLightColor": false,
	  "showInCampaign": true,
	  "showIconOnMap": true,
	  "showNameOnMap": false,
	  "scaleNameWithZoom": false,
	  "tags": ["station", "relic", "dark"],
	  "layers": ["STATIONS"]
	}
}