{
    "wh_dark_star_01": {
        "name": "Dark Star (Void)",
        "tilt": 0,
        "pitch": 0,
        "rotation": -2.0,
        "planetColor": [90, 60, 150, 255],
        "atmosphereThickness": 0.08,
		"atmosphereThicknessMin": 0.03,
		"atmosphereColor": [100, 70, 150, 40],
        "texture": "graphics/planets/star_black_01.jpg",
        "icon": "graphics/icons/planets/star_black.png",
        "iconColor": [30, 20, 50, 255],
        "starCoronaSprite": "",
        "starCoronaColor": [80, 50, 140, 200],
        "starCoronaSizeMult": 4.5,
        "isStar": true,
        "lightPosition": [0, 0, 10]
    },
    "wh_dark_star_02": {
        "name": "Dark Star (Pulse)",
        "tilt": 0,
        "pitch": 0,
        "rotation": -3.5,
        "planetColor": [130, 50, 180, 255],
		"atmosphereThickness": 0.12,
		"atmosphereThicknessMin": 0.06,
		"atmosphereColor": [140, 60, 180, 50],
        "texture": "graphics/planets/star_black_02.jpg",
        "icon": "graphics/icons/planets/star_black.png",
        "iconColor": [40, 10, 60, 255],
        "starCoronaSprite": "",
        "starCoronaColor": [200, 20, 20, 230],
        "starCoronaSizeMult": 5.0,
        "isStar": true,
        "lightPosition": [0, 0, 10]
    }
}