{
  "music": {
    "wh_dark_ambient_1": [
        {"file": "DarkPattern.ogg", "source": "sounds/wh/music", "volume": 0.9}
    ],
    "wh_dark_ambient_2": [
        {"file": "DarkSpace.ogg", "source": "sounds/wh/music", "volume": 0.9}
    ],
    "wh_dark_ambient_merged": [
        {"file": "DarkPattern.ogg", "source": "sounds/wh/music", "volume": 0.9},
        {"file": "DarkSpace.ogg", "source": "sounds/wh/music", "volume": 0.9}
    ]
  },
  "wh_explosion_wave_01": [
    {"file": "sounds/wh/sfx_misc/wh_explosion_wave.ogg", "pitch": 1, "volume": 0.9, "type": "UI"}
  ],
  "wh_explosion_wave_02": [
    {"file": "sounds/wh/sfx_misc/wh_explosion_wave.ogg", "pitch": 1, "volume": 0.9, "type": "UI"}
  ],
  "wh_dark_ping":[
    {"file":"sounds/wh/sfx_misc/wh_dark_ping.ogg","pitch":1,"volume":0.9}
  ]
}