fieldID,fieldName,fieldType,defaultValue,secondaryValue,fieldDescription,minValue,maxValue,tab
wh_procgenswitchHeader,Galaxy Generator Selection,Header,Galaxy Generator Selection,,,,,Galaxy
wh_procgen_mode,Generation Mode,Radio,Auto,"Auto, WideHorizons, RAT","Choose which world generator to use.
Auto: The game picks the best option.
WideHorizons: Uses the custom generator for larger galaxies.
RAT: Uses the generator from the 'Random Assortment of Things' mod.",,,Galaxy
,,,,,,,,
wh_generalHeader,General Settings,Header,General Settings,,,,,Galaxy
wh_scaleMultiplier,Galaxy Size,Radio,Vanilla,"Vanilla, 150%, 200%, 250%, 300%","Sets the overall size of the galaxy.
'Vanilla' is the default Starsector size.
Higher settings spread everything out more, but do not add more factions or markets.
Note: Larger galaxies may use more memory and need a stronger PC!",,,Galaxy
,,,,,,,,
wh_procgenHeader,Sector Generation,Header,Sector Generation Settings,,,,,Galaxy
constellationCount,Constellation Count,Radio,Auto,"Auto, 150, 200, 250, 300, 350","How many star clusters (constellations) the galaxy contains.
More constellations means more stars and more to explore.
Fewer constellations create a more empty, spaced-out galaxy.",,,Galaxy
constellationCellSize,Constellation Density,Double,10,,"Controls how close constellations are together.
Lower values mean more clusters in a small space.",3,20,Galaxy
cellSize,System Spread,Double,2000,,"How far apart star systems are within each constellation.",500,4000,Galaxy
,,,,,,,,
wh_vanillaHeader,Advanced Vanilla Options,Header,Advanced Vanilla Options,,,,,Galaxy
mothershipChainCount,Mothership Chains,Int,3,,"How many alien motherships are hidden in the galaxy.",1,10,Galaxy
numCryo,Cryosleeper Count,Int,1,,"How many ancient cryosleepers (special ships) are placed in the galaxy.",0,3,Galaxy
numCoronalTaps,Coronal Tap Structures,Int,2,,"Number of rare Coronal Tap structures scattered around the sector.
These are high-tech energy facilities linked to stars.",0,4,Galaxy
,,,,,,,,
wh_gateSubHeader,Gate Settings,Header,Gate settings scale with galaxy size,,,,,Galaxy
minNonCoreGatesInSector,Min Non-Core Gates,Int,4,,"Minimum number of hyperspace gates outside the core worlds.",0,10,Galaxy
maxNonCoreGatesInSector,Max Non-Core Gates,Int,6,,"Maximum number of hyperspace gates outside the core worlds.",0,12,Galaxy
minGatesToAddOnSecondPass,Second Pass Gates,Int,1,,"How many extra gates are placed in a second pass.",0,4,Galaxy
,,,,,,,,
wh_difficultyHeader,Difficulty Modifiers,Header,Difficulty Modifiers,,,,,Galaxy
constellationSkipProb,Constellation Skip Chance,Double,0.15,,"Chance that a constellation is skipped during galaxy generation.
Higher values mean fewer clusters, making the galaxy more empty.",0,0.9,Galaxy
hyperspaceCloudsMod,Hyperspace Clouds Density,Double,0.8,,"Sets how many clouds and nebulae appear in hyperspace.
Higher values = more obstacles for travel.",0,1,Galaxy
,,,,,,,,
wh_themesHeader,Themed Regions,Header,Special Themed Regions from Mods,,,,,Galaxy
BladeBreakerThemed_ConstellationMin_AS,BB Minimum Clusters,Int,1,,"Minimum number of clusters with the Blade Breaker theme (needs DME mod).",0,4,Galaxy
BladeBreakerThemed_ConstellationMax_AS,BB Maximum Clusters,Int,3,,"Maximum number of clusters with the Blade Breaker theme.",0,8,Galaxy
BladeBreakerThemed_ConstellationSkipProb_AS,BB Skip Probability,Double,0.33,,"Chance that a Blade Breaker cluster is skipped (rarer theme).",0,1,Galaxy
AgniThemed_ConstellationMin_AS,Agni Minimum Clusters,Int,1,,"Minimum number of clusters with the Agni theme (needs prv Starworks mod).",0,6,Galaxy
AgniThemed_ConstellationMax_AS,Agni Maximum Clusters,Int,2,,"Maximum number of clusters with the Agni theme.",0,8,Galaxy
AgniThemed_ConstellationSkip_AS,Agni Skip Probability,Double,0.25,,"Chance that an Agni cluster is skipped.",0,1,Galaxy
,,,,,,,,
wh_scaleHeader,Technical System Values,Header,Technical System Settings,,,,,System
sectorWidth,Galaxy Width,Double,164000,,"How wide the entire galaxy is (in light-years).
Only change this if you want a very specific galaxy shape.",80000,500000,System
sectorHeight,Galaxy Height,Double,104000,,"How tall the entire galaxy is (in light-years).",60000,400000,System
wh_planet_gen_mode,Planet Generation Style,Radio,Vanilla,"Vanilla, Mixed, Wide","Choose how planets and systems are generated:
Vanilla: Default Starsector style
Mixed: Mix of vanilla and larger, richer systems
Wide: Large, planet-rich systems.",,,System
wh_minPlanets,Minimum Planets per System,Int,10,,"Minimum number of planets in each star system.",2,20,System
wh_maxPlanets,Maximum Planets per System,Int,18,,"Maximum number of planets in each star system.",6,30,System
wh_enable_vanilla_expansion,Enable Extra Vanilla Systems,Radio,On,"Off, On","Enable extra vanilla-style systems, like in VanillaExpansionSystemAdder.",,,System
wh_enable_constellation_scaling,Auto Constellation Scaling,Radio,On,"Off, On","Scales the number of constellations automatically based on galaxy size.",,,System
systemScaleMultiplier,System Scale,Double,1,,"Advanced: Override system scaling.
1 = Normal; higher values = larger, more spread-out systems.",1,4,System